body,type_id,meeting_date,meeting_year,source_url,source_filename,discovered_utc,note
council,1,2015-09-16,2015,https://estero-fl.gov/wp-content/uploads/library-ada/minutes/2015%20Minutes/Council/091615%20Regular%20Meeting%20Approved%20Minutes.pdf,091615 Regular Meeting Approved Minutes.pdf,2026-05-28T20:24:58+00:00,auto-discovered; review before adding to bronze
council,1,2015-09-17,2015,https://estero-fl.gov/wp-content/uploads/library-ada/minutes/2015%20Minutes/Council/091715%20Workshop%20Approved%20Minutes.pdf,091715 Workshop Approved Minutes.pdf,2026-05-28T20:24:58+00:00,auto-discovered; review before adding to bronze
council,1,2015-09-23,2015,https://estero-fl.gov/wp-content/uploads/library-ada/minutes/2015%20Minutes/Council/09232015%20minutes.pdf,09232015 minutes.pdf,2026-05-28T20:24:58+00:00,auto-discovered; review before adding to bronze
council,1,2015-10-07,2015,https://estero-fl.gov/wp-content/uploads/library-ada/minutes/2015%20Minutes/Council/100715%20Regular%20Meeting%20Approved%20Minutes.pdf,100715 Regular Meeting Approved Minutes.pdf,2026-05-28T20:24:58+00:00,auto-discovered; review before adding to bronze
council,1,2015-10-09,2015,https://estero-fl.gov/wp-content/uploads/library-ada/minutes/2015%20Minutes/Council/100915%20Workshop%20Approved%20Minutes.pdf,100915 Workshop Approved Minutes.pdf,2026-05-28T20:24:58+00:00,auto-discovered; review before adding to bronze
council,1,2015-10-21,2015,https://estero-fl.gov/wp-content/uploads/library-ada/minutes/2015%20Minutes/Council/102115%20Regular%20Meeting%20Approved%20Minutes.pdf,102115 Regular Meeting Approved Minutes.pdf,2026-05-28T20:24:58+00:00,auto-discovered; review before adding to bronze
council,1,2015-10-28,2015,https://estero-fl.gov/wp-content/uploads/library-ada/minutes/2015%20Minutes/Council/102815%20Workshop%20Approved%20Minutes.pdf,102815 Workshop Approved Minutes.pdf,2026-05-28T20:24:58+00:00,auto-discovered; review before adding to bronze
council,1,2015-11-13,2015,https://estero-fl.gov/wp-content/uploads/library-ada/minutes/2015%20Minutes/Council/11132015%20minutes.pdf,11132015 minutes.pdf,2026-05-28T20:24:58+00:00,auto-discovered; review before adding to bronze
council,1,2015-11-16,2015,https://estero-fl.gov/wp-content/uploads/library-ada/minutes/2015%20Minutes/Council/111615%20Workshop%20Approved%20Minutes.pdf,111615 Workshop Approved Minutes.pdf,2026-05-28T20:24:58+00:00,auto-discovered; review before adding to bronze
council,1,2015-11-18,2015,https://estero-fl.gov/wp-content/uploads/library-ada/minutes/2015%20Minutes/Council/111815%20Regular%20Meeting%20Approved%20Minutes.pdf,111815 Regular Meeting Approved Minutes.pdf,2026-05-28T20:24:58+00:00,auto-discovered; review before adding to bronze
council,1,2015-11-23,2015,https://estero-fl.gov/wp-content/uploads/library-ada/minutes/2015%20Minutes/Council/112315%20Workshop%20Approved%20Minutes.pdf,112315 Workshop Approved Minutes.pdf,2026-05-28T20:24:58+00:00,auto-discovered; review before adding to bronze
council,1,2015-12-02,2015,https://estero-fl.gov/wp-content/uploads/library-ada/minutes/2015%20Minutes/Council/120215%20Regular%20Meeting%20Approved%20Minutes.pdf,120215 Regular Meeting Approved Minutes.pdf,2026-05-28T20:24:58+00:00,auto-discovered; review before adding to bronze
council,1,2016-01-06,2016,https://estero-fl.gov/wp-content/uploads/library-ada/minutes/2016%20Minutes/Council/01062016%20minutes.pdf,01062016 minutes.pdf,2026-05-28T20:24:58+00:00,auto-discovered; review before adding to bronze
council,1,2016-01-13,2016,https://estero-fl.gov/wp-content/uploads/library-ada/minutes/2016%20Minutes/Council/01132016%20minutes.pdf,01132016 minutes.pdf,2026-05-28T20:24:58+00:00,auto-discovered; review before adding to bronze
council,1,2016-02-24,2016,https://estero-fl.gov/wp-content/uploads/library-ada/minutes/2016%20Minutes/Council/02242016%20minutes.pdf,02242016 minutes.pdf,2026-05-28T20:24:58+00:00,auto-discovered; review before adding to bronze
council,1,2016-03-02,2016,https://estero-fl.gov/wp-content/uploads/library-ada/minutes/2016%20Minutes/Council/030216%20Council%20Workshop%20Approved%20Minutes.pdf,030216 Council Workshop Approved Minutes.pdf,2026-05-28T20:24:58+00:00,auto-discovered; review before adding to bronze
council,1,2016-03-09,2016,https://estero-fl.gov/wp-content/uploads/library-ada/minutes/2016%20Minutes/Council/030916%20Zoning%20Hearing%20Approved%20Minutes.pdf,030916 Zoning Hearing Approved Minutes.pdf,2026-05-28T20:24:58+00:00,auto-discovered; review before adding to bronze
council,1,2016-03-23,2016,https://estero-fl.gov/wp-content/uploads/library-ada/minutes/2016%20Minutes/Council/032316%20Council%20Meeting%20Approved%20Minutes.pdf,032316 Council Meeting Approved Minutes.pdf,2026-05-28T20:24:58+00:00,auto-discovered; review before adding to bronze
council,1,2016-03-30,2016,https://estero-fl.gov/wp-content/uploads/library-ada/minutes/2016%20Minutes/Council/033016%20Council%20Meeting%20Approved%20Minutes.pdf,033016 Council Meeting Approved Minutes.pdf,2026-05-28T20:24:58+00:00,auto-discovered; review before adding to bronze
council,1,2016-06-22,2016,https://estero-fl.gov/wp-content/uploads/library-ada/minutes/2016%20Minutes/Council/062216%20Council%20Special%20Meeting%20Approved%20Minutes.pdf,062216 Council Special Meeting Approved Minutes.pdf,2026-05-28T20:24:58+00:00,auto-discovered; review before adding to bronze
council,1,2016-07-06,2016,https://estero-fl.gov/wp-content/uploads/library-ada/minutes/2016%20Minutes/Council/070616%20Council%20Meeting%20Approved%20Minutes.pdf,070616 Council Meeting Approved Minutes.pdf,2026-05-28T20:24:58+00:00,auto-discovered; review before adding to bronze
council,1,2016-07-13,2016,https://estero-fl.gov/wp-content/uploads/library-ada/minutes/2016%20Minutes/Council/071316%20Council%20Meeting%20Approved%20Minutes.pdf,071316 Council Meeting Approved Minutes.pdf,2026-05-28T20:24:58+00:00,auto-discovered; review before adding to bronze
council,1,2016-09-07,2016,https://estero-fl.gov/wp-content/uploads/library-ada/minutes/2016%20Minutes/Council/090716%20Council%20Meeting%20Approved%20Minutes.pdf,090716 Council Meeting Approved Minutes.pdf,2026-05-28T20:24:58+00:00,auto-discovered; review before adding to bronze
council,1,2016-09-21,2016,https://estero-fl.gov/wp-content/uploads/library-ada/minutes/2016%20Minutes/Council/092116%20Council%20Meeting%20Approved%20Minutes.pdf,092116 Council Meeting Approved Minutes.pdf,2026-05-28T20:24:58+00:00,auto-discovered; review before adding to bronze
council,1,2016-10-05,2016,https://estero-fl.gov/wp-content/uploads/library-ada/minutes/2016%20Minutes/Council/100516%20Council%20Meeting%20Approved%20Minutes.pdf,100516 Council Meeting Approved Minutes.pdf,2026-05-28T20:24:58+00:00,auto-discovered; review before adding to bronze
council,1,2016-10-19,2016,https://estero-fl.gov/wp-content/uploads/library-ada/minutes/2016%20Minutes/Council/101916%20Council%20Meeting%20Approved%20Minutes.pdf,101916 Council Meeting Approved Minutes.pdf,2026-05-28T20:24:58+00:00,auto-discovered; review before adding to bronze
council,1,2016-11-02,2016,https://estero-fl.gov/wp-content/uploads/library-ada/minutes/2016%20Minutes/Council/110216%20Council%20Meeting%20Approved%20Minutes.pdf,110216 Council Meeting Approved Minutes.pdf,2026-05-28T20:24:58+00:00,auto-discovered; review before adding to bronze
council,1,2016-11-16,2016,https://estero-fl.gov/wp-content/uploads/library-ada/minutes/2016%20Minutes/Council/111616%20Council%20Meeting%20Approved%20Minutes.pdf,111616 Council Meeting Approved Minutes.pdf,2026-05-28T20:24:58+00:00,auto-discovered; review before adding to bronze
council,1,2016-12-07,2016,https://estero-fl.gov/wp-content/uploads/library-ada/minutes/2016%20Minutes/Council/120716%20Council%20Meeting%20Approved%20Minutes.pdf,120716 Council Meeting Approved Minutes.pdf,2026-05-28T20:24:58+00:00,auto-discovered; review before adding to bronze
council,1,2016-12-20,2016,https://estero-fl.gov/wp-content/uploads/library-ada/minutes/2016%20Minutes/Council/122016%20Council%20Meeting%20Approved%20Minutes.pdf,122016 Council Meeting Approved Minutes.pdf,2026-05-28T20:24:58+00:00,auto-discovered; review before adding to bronze
council,1,2017-01-04,2017,https://estero-fl.gov/wp-content/uploads/library-ada/minutes/2017%20Minutes/Council/010417%20Council%20Meeting%20Approved%20Minutes.pdf,010417 Council Meeting Approved Minutes.pdf,2026-05-28T20:24:58+00:00,auto-discovered; review before adding to bronze
council,1,2017-01-18,2017,https://estero-fl.gov/wp-content/uploads/library-ada/minutes/2017%20Minutes/Council/011817%20Council%20Meeting%20Approved%20Minutes.pdf,011817 Council Meeting Approved Minutes.pdf,2026-05-28T20:24:58+00:00,auto-discovered; review before adding to bronze
council,1,2017-02-01,2017,https://estero-fl.gov/wp-content/uploads/library-ada/minutes/2017%20Minutes/Council/020117%20Council%20Meeting%20%20Approved%20Minutes.pdf,020117 Council Meeting  Approved Minutes.pdf,2026-05-28T20:24:58+00:00,auto-discovered; review before adding to bronze
council,1,2017-02-15,2017,https://estero-fl.gov/wp-content/uploads/library-ada/minutes/2017%20Minutes/Council/021517%20Council%20Meeting%20%20Approved%20Minutes.pdf,021517 Council Meeting  Approved Minutes.pdf,2026-05-28T20:24:58+00:00,auto-discovered; review before adding to bronze
council,1,2017-02-22,2017,https://estero-fl.gov/wp-content/uploads/library-ada/minutes/2017%20Minutes/Council/022217%20Council%20Workshop%20Minutes.pdf,022217 Council Workshop Minutes.pdf,2026-05-28T20:24:58+00:00,auto-discovered; review before adding to bronze
council,1,2017-02-28,2017,https://estero-fl.gov/wp-content/uploads/library-ada/minutes/2017%20Minutes/Council/022817%20Joint%20Workshop%20with%20Bonita%20Springs%20City%20Council%20Approved%20Minutes.pdf,022817 Joint Workshop with Bonita Springs City Council Approved Minutes.pdf,2026-05-28T20:24:58+00:00,auto-discovered; review before adding to bronze
council,1,2017-03-01,2017,https://estero-fl.gov/wp-content/uploads/library-ada/minutes/2017%20Minutes/Council/030117%20Council%20Meeting%20Approved%20Minutes.pdf,030117 Council Meeting Approved Minutes.pdf,2026-05-28T20:24:58+00:00,auto-discovered; review before adding to bronze
council,1,2017-03-09,2017,https://estero-fl.gov/wp-content/uploads/library-ada/minutes/2017%20Minutes/Council/030917%20Council%20Workshop%20Approved%20Minutes.pdf,030917 Council Workshop Approved Minutes.pdf,2026-05-28T20:24:58+00:00,auto-discovered; review before adding to bronze
council,1,2017-03-15,2017,https://estero-fl.gov/wp-content/uploads/library-ada/minutes/2017%20Minutes/Council/031517%20Council%20Meeting%20Approved%20Minutes.pdf,031517 Council Meeting Approved Minutes.pdf,2026-05-28T20:24:58+00:00,auto-discovered; review before adding to bronze
council,1,2017-04-05,2017,https://estero-fl.gov/wp-content/uploads/library-ada/minutes/2017%20Minutes/Council/040517%20Council%20Meeting%20Approved%20Minutes.pdf,040517 Council Meeting Approved Minutes.pdf,2026-05-28T20:24:58+00:00,auto-discovered; review before adding to bronze
council,1,2017-04-19,2017,https://estero-fl.gov/wp-content/uploads/library-ada/minutes/2017%20Minutes/Council/041917%20Council%20Meeting%20Approved%20Minutes.pdf,041917 Council Meeting Approved Minutes.pdf,2026-05-28T20:24:58+00:00,auto-discovered; review before adding to bronze
council,1,2017-04-24,2017,https://estero-fl.gov/wp-content/uploads/library-ada/minutes/2017%20Minutes/Council/042417%20Council%20Organizational%20Business%20Meeting%20Approved%20Minutes.pdf,042417 Council Organizational Business Meeting Approved Minutes.pdf,2026-05-28T20:24:58+00:00,auto-discovered; review before adding to bronze
council,1,2017-05-03,2017,https://estero-fl.gov/wp-content/uploads/library-ada/minutes/2017%20Minutes/Council/050317%20Council%20Meeting%20Approved%20Minutes.pdf,050317 Council Meeting Approved Minutes.pdf,2026-05-28T20:24:58+00:00,auto-discovered; review before adding to bronze
council,1,2017-05-24,2017,https://estero-fl.gov/wp-content/uploads/library-ada/minutes/2017%20Minutes/Council/052417%20Council%20Meeting%20Approved%20Minutes.pdf,052417 Council Meeting Approved Minutes.pdf,2026-05-28T20:24:58+00:00,auto-discovered; review before adding to bronze
council,1,2017-05-31,2017,https://estero-fl.gov/wp-content/uploads/library-ada/minutes/2017%20Minutes/Council/053117%20Council%20Meeting%20Approved%20Minutes.pdf,053117 Council Meeting Approved Minutes.pdf,2026-05-28T20:24:58+00:00,auto-discovered; review before adding to bronze
council,1,2017-06-07,2017,https://estero-fl.gov/wp-content/uploads/library-ada/minutes/2017%20Minutes/Council/060717%20Council%20Meeting%20Approved%20Minutes.pdf,060717 Council Meeting Approved Minutes.pdf,2026-05-28T20:24:58+00:00,auto-discovered; review before adding to bronze
council,1,2017-06-21,2017,https://estero-fl.gov/wp-content/uploads/library-ada/minutes/2017%20Minutes/Council/062117%20Council%20Meeting%20Approved%20Minutes.pdf,062117 Council Meeting Approved Minutes.pdf,2026-05-28T20:24:58+00:00,auto-discovered; review before adding to bronze
council,1,2017-07-19,2017,https://estero-fl.gov/wp-content/uploads/library-ada/minutes/2017%20Minutes/Council/071917%20Council%20Meeting%20Approved%20Minutes.pdf,071917 Council Meeting Approved Minutes.pdf,2026-05-28T20:24:58+00:00,auto-discovered; review before adding to bronze
council,1,2017-07-26,2017,https://estero-fl.gov/wp-content/uploads/library-ada/minutes/2017%20Minutes/Council/072617%20Zoning%20and%20DRI%20Development%20Order%20Hearing%20Approved%20Minutes.pdf,072617 Zoning and DRI Development Order Hearing Approved Minutes.pdf,2026-05-28T20:24:58+00:00,auto-discovered; review before adding to bronze
council,1,2017-08-02,2017,https://estero-fl.gov/wp-content/uploads/library-ada/minutes/2017%20Minutes/Council/080217%20Council%20Meeting%20Approved%20Minutes.pdf,080217 Council Meeting Approved Minutes.pdf,2026-05-28T20:24:58+00:00,auto-discovered; review before adding to bronze
council,1,2017-09-06,2017,https://estero-fl.gov/wp-content/uploads/library-ada/minutes/2017%20Minutes/Council/090617%20Council%20Special%20Emergency%20Meeting%20Approved%20Minutes.pdf,090617 Council Special Emergency Meeting Approved Minutes.pdf,2026-05-28T20:24:58+00:00,auto-discovered; review before adding to bronze
council,1,2017-09-20,2017,https://estero-fl.gov/wp-content/uploads/library-ada/minutes/2017%20Minutes/Council/092017%20Council%20Meeting%20Approved%20Minutes.pdf,092017 Council Meeting Approved Minutes.pdf,2026-05-28T20:24:58+00:00,auto-discovered; review before adding to bronze
council,1,2017-09-26,2017,https://estero-fl.gov/wp-content/uploads/library-ada/minutes/2017%20Minutes/Council/092617%20Council%20Special%20Meeting%20Budget%20Hearing%20Approved%20Minutes.pdf,092617 Council Special Meeting Budget Hearing Approved Minutes.pdf,2026-05-28T20:24:58+00:00,auto-discovered; review before adding to bronze
council,1,2017-10-04,2017,https://estero-fl.gov/wp-content/uploads/library-ada/minutes/2017%20Minutes/Council/100417%20Council%20Meeting%20Approved%20Minutes.pdf,100417 Council Meeting Approved Minutes.pdf,2026-05-28T20:24:58+00:00,auto-discovered; review before adding to bronze
council,1,2017-10-18,2017,https://estero-fl.gov/wp-content/uploads/library-ada/minutes/2017%20Minutes/Council/101817%20Council%20Meeting%20Approved%20Minutes.pdf,101817 Council Meeting Approved Minutes.pdf,2026-05-28T20:24:58+00:00,auto-discovered; review before adding to bronze
council,1,2017-10-25,2017,https://estero-fl.gov/wp-content/uploads/library-ada/minutes/2017%20Minutes/Council/102517%20Council%20Zoning%20Hearing%20and%20Comp%20Plan%20Workshop%20Approved%20Minutes.pdf,102517 Council Zoning Hearing and Comp Plan Workshop Approved Minutes.pdf,2026-05-28T20:24:58+00:00,auto-discovered; review before adding to bronze
council,1,2017-11-01,2017,https://estero-fl.gov/wp-content/uploads/library-ada/minutes/2017%20Minutes/Council/110117%20Council%20Meeting%20Approved%20Minutes.pdf,110117 Council Meeting Approved Minutes.pdf,2026-05-28T20:24:58+00:00,auto-discovered; review before adding to bronze
council,1,2017-11-15,2017,https://estero-fl.gov/wp-content/uploads/library-ada/minutes/2017%20Minutes/Council/111517%20Council%20Meeting%20Approved%20Minutes.pdf,111517 Council Meeting Approved Minutes.pdf,2026-05-28T20:24:58+00:00,auto-discovered; review before adding to bronze
council,1,2017-11-29,2017,https://estero-fl.gov/wp-content/uploads/library-ada/minutes/2017%20Minutes/Council/112917%20Council%20Comp%20Plan%20Workshop%20Approved%20Minutes.pdf,112917 Council Comp Plan Workshop Approved Minutes.pdf,2026-05-28T20:24:58+00:00,auto-discovered; review before adding to bronze
council,1,2017-12-06,2017,https://estero-fl.gov/wp-content/uploads/library-ada/minutes/2017%20Minutes/Council/120617%20Council%20Meeting%20Approved%20Minutes.pdf,120617 Council Meeting Approved Minutes.pdf,2026-05-28T20:24:58+00:00,auto-discovered; review before adding to bronze
council,1,2018-01-03,2018,https://estero-fl.gov/wp-content/uploads/library-ada/minutes/2018%20Minutes/Council/010318%20Council%20Meeting%20Approved%20Minutes.pdf,010318 Council Meeting Approved Minutes.pdf,2026-05-28T20:24:58+00:00,auto-discovered; review before adding to bronze
council,1,2018-01-10,2018,https://estero-fl.gov/wp-content/uploads/library-ada/minutes/2018%20Minutes/Council/011018%20Council%20Meeting%20Approved%20Minutes.pdf,011018 Council Meeting Approved Minutes.pdf,2026-05-28T20:24:58+00:00,auto-discovered; review before adding to bronze
council,1,2018-01-17,2018,https://estero-fl.gov/wp-content/uploads/library-ada/minutes/2018%20Minutes/Council/011718%20Council%20Meeting%20Approved%20Minutes.pdf,011718 Council Meeting Approved Minutes.pdf,2026-05-28T20:24:58+00:00,auto-discovered; review before adding to bronze
council,1,2018-02-07,2018,https://estero-fl.gov/wp-content/uploads/library-ada/minutes/2018%20Minutes/Council/020718%20Council%20Meeting%20Approved%20Minutes.pdf,020718 Council Meeting Approved Minutes.pdf,2026-05-28T20:24:58+00:00,auto-discovered; review before adding to bronze
council,1,2018-02-21,2018,https://estero-fl.gov/wp-content/uploads/library-ada/minutes/2018%20Minutes/Council/022118%20Council%20Meeting%20Approved%20Minutes.pdf,022118 Council Meeting Approved Minutes.pdf,2026-05-28T20:24:58+00:00,auto-discovered; review before adding to bronze
council,1,2018-03-07,2018,https://estero-fl.gov/wp-content/uploads/library-ada/minutes/2018%20Minutes/Council/030718%20Council%20Meeting%20Approved%20Minutes.pdf,030718 Council Meeting Approved Minutes.pdf,2026-05-28T20:24:58+00:00,auto-discovered; review before adding to bronze
council,1,2018-03-21,2018,https://estero-fl.gov/wp-content/uploads/library-ada/minutes/2018%20Minutes/Council/032118%20Council%20Meeting%20Approved%20Minutes.pdf,032118 Council Meeting Approved Minutes.pdf,2026-05-28T20:24:58+00:00,auto-discovered; review before adding to bronze
council,1,2018-04-04,2018,https://estero-fl.gov/wp-content/uploads/library-ada/minutes/2018%20Minutes/Council/040418%20Council%20Meeting%20Approved%20Minutes.pdf,040418 Council Meeting Approved Minutes.pdf,2026-05-28T20:24:58+00:00,auto-discovered; review before adding to bronze
council,1,2018-04-11,2018,https://estero-fl.gov/wp-content/uploads/library-ada/minutes/2018%20Minutes/Council/041118%20Council%20Meeting%20Approved%20Minutes.pdf,041118 Council Meeting Approved Minutes.pdf,2026-05-28T20:24:58+00:00,auto-discovered; review before adding to bronze
council,1,2018-04-18,2018,https://estero-fl.gov/wp-content/uploads/library-ada/minutes/2018%20Minutes/Council/041818%20Council%20Meeting%20Approved%20Minutes.pdf,041818 Council Meeting Approved Minutes.pdf,2026-05-28T20:24:58+00:00,auto-discovered; review before adding to bronze
council,1,2018-05-02,2018,https://estero-fl.gov/wp-content/uploads/library-ada/minutes/2018%20Minutes/Council/050218%20Council%20Meeting%20Approved%20Minutes.pdf,050218 Council Meeting Approved Minutes.pdf,2026-05-28T20:24:58+00:00,auto-discovered; review before adding to bronze
council,1,2018-05-09,2018,https://estero-fl.gov/wp-content/uploads/library-ada/minutes/2018%20Minutes/Council/050918%20Council%20Meeting%20Approved%20Minutes.pdf,050918 Council Meeting Approved Minutes.pdf,2026-05-28T20:24:58+00:00,auto-discovered; review before adding to bronze
council,1,2018-05-16,2018,https://estero-fl.gov/wp-content/uploads/library-ada/minutes/2018%20Minutes/Council/051618%20Council%20Meeting%20Approved%20Minutes.pdf,051618 Council Meeting Approved Minutes.pdf,2026-05-28T20:24:58+00:00,auto-discovered; review before adding to bronze
council,1,2018-05-23,2018,https://estero-fl.gov/wp-content/uploads/library-ada/minutes/2018%20Minutes/Council/052318%20Council%20Meeting%20Approved%20Minutes.pdf,052318 Council Meeting Approved Minutes.pdf,2026-05-28T20:24:58+00:00,auto-discovered; review before adding to bronze
council,1,2018-06-06,2018,https://estero-fl.gov/wp-content/uploads/library-ada/minutes/2018%20Minutes/Council/060618%20Council%20Meeting%20Approved%20Minutes.pdf,060618 Council Meeting Approved Minutes.pdf,2026-05-28T20:24:58+00:00,auto-discovered; review before adding to bronze
council,1,2018-06-13,2018,https://estero-fl.gov/wp-content/uploads/library-ada/minutes/2018%20Minutes/Council/061318%20Council%20Meeting%20Approved%20Minutes.pdf,061318 Council Meeting Approved Minutes.pdf,2026-05-28T20:24:58+00:00,auto-discovered; review before adding to bronze
council,1,2018-06-20,2018,https://estero-fl.gov/wp-content/uploads/library-ada/minutes/2018%20Minutes/Council/062018%20Council%20Meeting%20Approved%20Minutes.pdf,062018 Council Meeting Approved Minutes.pdf,2026-05-28T20:24:58+00:00,auto-discovered; review before adding to bronze
council,1,2018-06-27,2018,https://estero-fl.gov/wp-content/uploads/library-ada/minutes/2018%20Minutes/Council/062718%20Council%20Zoning%20Hearings%20Approved%20Minutes.pdf,062718 Council Zoning Hearings Approved Minutes.pdf,2026-05-28T20:24:58+00:00,auto-discovered; review before adding to bronze
council,1,2018-07-11,2018,https://estero-fl.gov/wp-content/uploads/library-ada/minutes/2018%20Minutes/Council/071118%20Council%20Meeting%20Approved%20Minutes.pdf,071118 Council Meeting Approved Minutes.pdf,2026-05-28T20:24:58+00:00,auto-discovered; review before adding to bronze
council,1,2018-07-25,2018,https://estero-fl.gov/wp-content/uploads/library-ada/minutes/2018%20Minutes/Council/072518%20Council%20Meeting%20Approved%20Minutes.pdf,072518 Council Meeting Approved Minutes.pdf,2026-05-28T20:24:58+00:00,auto-discovered; review before adding to bronze
council,1,2018-09-05,2018,https://estero-fl.gov/wp-content/uploads/library-ada/minutes/2018%20Minutes/Council/090518%20Council%20Meeting%20Approved%20Minutes.pdf,090518 Council Meeting Approved Minutes.pdf,2026-05-28T20:24:58+00:00,auto-discovered; review before adding to bronze
council,1,2018-09-20,2018,https://estero-fl.gov/wp-content/uploads/library-ada/minutes/2018%20Minutes/Council/092018%20Council%20Meeting%20Approved%20Minutes.pdf,092018 Council Meeting Approved Minutes.pdf,2026-05-28T20:24:58+00:00,auto-discovered; review before adding to bronze
council,1,2018-10-03,2018,https://estero-fl.gov/wp-content/uploads/library-ada/minutes/2018%20Minutes/Council/100318%20Council%20Meeting%20Approved%20Minutes.pdf,100318 Council Meeting Approved Minutes.pdf,2026-05-28T20:24:58+00:00,auto-discovered; review before adding to bronze
council,1,2018-10-17,2018,https://estero-fl.gov/wp-content/uploads/library-ada/minutes/2018%20Minutes/Council/101718%20Council%20Meeting%20Approved%20Minutes.pdf,101718 Council Meeting Approved Minutes.pdf,2026-05-28T20:24:58+00:00,auto-discovered; review before adding to bronze
council,1,2018-10-24,2018,https://estero-fl.gov/wp-content/uploads/library-ada/minutes/2018%20Minutes/Council/102418%20Council%20Special%20Meeting%20-%20Zoning%20Hearing%20Approved%20Minutes.pdf,102418 Council Special Meeting - Zoning Hearing Approved Minutes.pdf,2026-05-28T20:24:58+00:00,auto-discovered; review before adding to bronze
council,1,2018-10-31,2018,https://estero-fl.gov/wp-content/uploads/library-ada/minutes/2018%20Minutes/Council/103118%20Council%20Meeting%20Approved%20Minutes.pdf,103118 Council Meeting Approved Minutes.pdf,2026-05-28T20:24:58+00:00,auto-discovered; review before adding to bronze
council,1,2018-11-07,2018,https://estero-fl.gov/wp-content/uploads/library-ada/minutes/2018%20Minutes/Council/110718%20Council%20Meeting%20Approved%20Minutes.pdf,110718 Council Meeting Approved Minutes.pdf,2026-05-28T20:24:58+00:00,auto-discovered; review before adding to bronze
council,1,2018-11-28,2018,https://estero-fl.gov/wp-content/uploads/library-ada/minutes/2018%20Minutes/Council/112818%20Council%20Meeting%20Approved%20Minutes.pdf,112818 Council Meeting Approved Minutes.pdf,2026-05-28T20:24:58+00:00,auto-discovered; review before adding to bronze
council,1,2018-12-05,2018,https://estero-fl.gov/wp-content/uploads/library-ada/minutes/2018%20Minutes/Council/120518%20Council%20Meeting%20Approved%20Minutes.pdf,120518 Council Meeting Approved Minutes.pdf,2026-05-28T20:24:58+00:00,auto-discovered; review before adding to bronze
council,1,2018-12-12,2018,https://estero-fl.gov/wp-content/uploads/library-ada/minutes/2018%20Minutes/Council/121218%20Council%20Special%20Meeting%20Approved%20Minutes.pdf,121218 Council Special Meeting Approved Minutes.pdf,2026-05-28T20:24:58+00:00,auto-discovered; review before adding to bronze
council,1,2019-02-06,2019,https://estero-fl.gov/wp-content/uploads/library-ada/minutes/2019%20MINUTES/Council/2019-02-06%20Council%20Meeting%20Approved%20Minutes.pdf,2019-02-06 Council Meeting Approved Minutes.pdf,2026-05-28T20:24:58+00:00,auto-discovered; review before adding to bronze
council,1,2019-02-20,2019,https://estero-fl.gov/wp-content/uploads/library-ada/minutes/2019%20MINUTES/Council/2019-02-20%20Council%20Meeting%20Approved%20Minutes.pdf,2019-02-20 Council Meeting Approved Minutes.pdf,2026-05-28T20:24:58+00:00,auto-discovered; review before adding to bronze
council,1,2019-03-06,2019,https://estero-fl.gov/wp-content/uploads/library-ada/minutes/2019%20MINUTES/Council/2019-03-06%20Council%20Meeting%20Approved%20Minutes.pdf,2019-03-06 Council Meeting Approved Minutes.pdf,2026-05-28T20:24:58+00:00,auto-discovered; review before adding to bronze
council,1,2019-03-20,2019,https://estero-fl.gov/wp-content/uploads/library-ada/minutes/2019%20MINUTES/Council/2019-03-20%20Council%20Meeting%20Approved%20Minutes.pdf,2019-03-20 Council Meeting Approved Minutes.pdf,2026-05-28T20:24:58+00:00,auto-discovered; review before adding to bronze
council,1,2019-04-03,2019,https://estero-fl.gov/wp-content/uploads/library-ada/minutes/2019%20MINUTES/Council/2019-04-03%20Council%20Meeting%20Approved%20Minutes.pdf,2019-04-03 Council Meeting Approved Minutes.pdf,2026-05-28T20:24:58+00:00,auto-discovered; review before adding to bronze
council,1,2019-04-24,2019,https://estero-fl.gov/wp-content/uploads/library-ada/minutes/2019%20MINUTES/Council/2019-04-24%20Council%20Meeting%20Approved%20Minutes.pdf,2019-04-24 Council Meeting Approved Minutes.pdf,2026-05-28T20:24:58+00:00,auto-discovered; review before adding to bronze
council,1,2019-05-01,2019,https://estero-fl.gov/wp-content/uploads/library-ada/minutes/2019%20MINUTES/Council/2019-05-01%20Council%20Meeting%20Approved%20Minutes.pdf,2019-05-01 Council Meeting Approved Minutes.pdf,2026-05-28T20:24:58+00:00,auto-discovered; review before adding to bronze
council,1,2019-05-15,2019,https://estero-fl.gov/wp-content/uploads/library-ada/minutes/2019%20MINUTES/Council/2019-05-15%20Council%20Meeting%20Approved%20Minutes.pdf,2019-05-15 Council Meeting Approved Minutes.pdf,2026-05-28T20:24:58+00:00,auto-discovered; review before adding to bronze
council,1,2019-06-05,2019,https://estero-fl.gov/wp-content/uploads/library-ada/minutes/2019%20MINUTES/Council/2019-06-05%20Council%20Meeting%20Approved%20Minutes.pdf,2019-06-05 Council Meeting Approved Minutes.pdf,2026-05-28T20:24:58+00:00,auto-discovered; review before adding to bronze
council,1,2019-06-26,2019,https://estero-fl.gov/wp-content/uploads/library-ada/minutes/2019%20MINUTES/Council/2019-06-26%20Council%20Meeting%20Approved%20Minutes.pdf,2019-06-26 Council Meeting Approved Minutes.pdf,2026-05-28T20:24:58+00:00,auto-discovered; review before adding to bronze
council,1,2019-07-10,2019,https://estero-fl.gov/wp-content/uploads/library-ada/minutes/2019%20MINUTES/Council/2019-07-10%20Council%20Meeting%20Approved%20Minutes.pdf,2019-07-10 Council Meeting Approved Minutes.pdf,2026-05-28T20:24:58+00:00,auto-discovered; review before adding to bronze
council,1,2019-07-24,2019,https://estero-fl.gov/wp-content/uploads/library-ada/minutes/2019%20MINUTES/Council/2019-07-24%20Council%20Meeting%20Approved%20Minutes.pdf,2019-07-24 Council Meeting Approved Minutes.pdf,2026-05-28T20:24:58+00:00,auto-discovered; review before adding to bronze
council,1,2019-09-04,2019,https://estero-fl.gov/wp-content/uploads/library-ada/minutes/2019%20MINUTES/Council/2019-09-04%20Council%20Meeting%20Approved%20Minutes.pdf,2019-09-04 Council Meeting Approved Minutes.pdf,2026-05-28T20:24:58+00:00,auto-discovered; review before adding to bronze
council,1,2019-09-18,2019,https://estero-fl.gov/wp-content/uploads/library-ada/minutes/2019%20MINUTES/Council/2019-09-18%20Council%20Meeting%20Approved%20Minutes.pdf,2019-09-18 Council Meeting Approved Minutes.pdf,2026-05-28T20:24:58+00:00,auto-discovered; review before adding to bronze
council,1,2019-09-25,2019,https://estero-fl.gov/wp-content/uploads/library-ada/minutes/2019%20MINUTES/Council/2019-09-25%20Council%20Meeting%20Approved%20Minutes.pdf,2019-09-25 Council Meeting Approved Minutes.pdf,2026-05-28T20:24:58+00:00,auto-discovered; review before adding to bronze
council,1,2019-10-16,2019,https://estero-fl.gov/wp-content/uploads/library-ada/minutes/2019%20MINUTES/Council/20191016%20Council%20Meeting%20Approved%20Minutes.pdf,20191016 Council Meeting Approved Minutes.pdf,2026-05-28T20:24:58+00:00,auto-discovered; review before adding to bronze
council,1,2019-11-06,2019,https://estero-fl.gov/wp-content/uploads/library-ada/minutes/2019%20MINUTES/Council/20191106%20Council%20Meeting%20Approved%20Minutes.pdf,20191106 Council Meeting Approved Minutes.pdf,2026-05-28T20:24:58+00:00,auto-discovered; review before adding to bronze
council,1,2019-11-20,2019,https://estero-fl.gov/wp-content/uploads/library-ada/minutes/2019%20MINUTES/Council/20191120%20Council%20Meeting%20Approved%20Minutes.pdf,20191120 Council Meeting Approved Minutes.pdf,2026-05-28T20:24:58+00:00,auto-discovered; review before adding to bronze
council,1,2019-12-04,2019,https://estero-fl.gov/wp-content/uploads/library-ada/minutes/2019%20MINUTES/Council/20191204%20Council%20Meeting%20Approved%20Minutes.pdf,20191204 Council Meeting Approved Minutes.pdf,2026-05-28T20:24:58+00:00,auto-discovered; review before adding to bronze
council,1,2019-12-18,2019,https://estero-fl.gov/wp-content/uploads/library-ada/minutes/2019%20MINUTES/Council/20191218%20Council%20Meeting%20Approved%20Minutes.pdf,20191218 Council Meeting Approved Minutes.pdf,2026-05-28T20:24:58+00:00,auto-discovered; review before adding to bronze
council,1,2020-01-08,2020,https://estero-fl.gov/wp-content/uploads/library-ada/minutes/2020%20Minutes/Council/2020-01-08%20Council%20Meeting%20Approved%20Minutes.pdf,2020-01-08 Council Meeting Approved Minutes.pdf,2026-05-28T20:24:58+00:00,auto-discovered; review before adding to bronze
council,1,2020-01-22,2020,https://estero-fl.gov/wp-content/uploads/library-ada/minutes/2020%20Minutes/Council/2020-01-22%20Council%20Meeting%20Approved%20Minutes.pdf,2020-01-22 Council Meeting Approved Minutes.pdf,2026-05-28T20:24:58+00:00,auto-discovered; review before adding to bronze
council,1,2020-01-29,2020,https://estero-fl.gov/wp-content/uploads/library-ada/minutes/2020%20Minutes/Council/2020-01-29%20Council%20Meeting%20Approved%20Minutes.pdf,2020-01-29 Council Meeting Approved Minutes.pdf,2026-05-28T20:24:58+00:00,auto-discovered; review before adding to bronze
council,1,2020-02-05,2020,https://estero-fl.gov/wp-content/uploads/library-ada/minutes/2020%20Minutes/Council/2020-02-05%20Council%20Meeting%20Approved%20Minutes.pdf,2020-02-05 Council Meeting Approved Minutes.pdf,2026-05-28T20:24:58+00:00,auto-discovered; review before adding to bronze
council,1,2020-02-19,2020,https://estero-fl.gov/wp-content/uploads/library-ada/minutes/2020%20Minutes/Council/2020-02-19%20Council%20Meeting%20Approved%20Minutes.pdf,2020-02-19 Council Meeting Approved Minutes.pdf,2026-05-28T20:24:58+00:00,auto-discovered; review before adding to bronze
council,1,2020-03-04,2020,https://estero-fl.gov/wp-content/uploads/library-ada/minutes/2020%20Minutes/Council/2020-03-04%20Council%20Meeting%20Approved%20Minutes.pdf,2020-03-04 Council Meeting Approved Minutes.pdf,2026-05-28T20:24:58+00:00,auto-discovered; review before adding to bronze
council,1,2020-03-18,2020,https://estero-fl.gov/wp-content/uploads/library-ada/minutes/2020%20Minutes/Council/2020-03-18%20Council%20Meeting%20Approved%20Minutes.pdf,2020-03-18 Council Meeting Approved Minutes.pdf,2026-05-28T20:24:58+00:00,auto-discovered; review before adding to bronze
council,1,2020-04-22,2020,https://estero-fl.gov/wp-content/uploads/library-ada/minutes/2020%20Minutes/Council/2020-04-22%20Council%20Meeting%20Approved%20Minutes.pdf,2020-04-22 Council Meeting Approved Minutes.pdf,2026-05-28T20:24:58+00:00,auto-discovered; review before adding to bronze
council,1,2020-05-27,2020,https://estero-fl.gov/wp-content/uploads/library-ada/minutes/2020%20Minutes/Council/2020-05-27%20Council%20Meeting%20Minutes.pdf,2020-05-27 Council Meeting Minutes.pdf,2026-05-28T20:24:58+00:00,auto-discovered; review before adding to bronze
council,1,2020-06-17,2020,https://estero-fl.gov/wp-content/uploads/library-ada/minutes/2020%20Minutes/Council/061720%20Council%20Meeting%20Minutes.pdf,061720 Council Meeting Minutes.pdf,2026-05-28T20:24:58+00:00,auto-discovered; review before adding to bronze
council,1,2020-07-08,2020,https://estero-fl.gov/wp-content/uploads/library-ada/minutes/2020%20Minutes/Council/07082020%20Council%20Meeting%20Minutes.pdf,07082020 Council Meeting Minutes.pdf,2026-05-28T20:24:58+00:00,auto-discovered; review before adding to bronze
council,1,2020-07-15,2020,https://estero-fl.gov/wp-content/uploads/library-ada/minutes/2020%20Minutes/Council/07152020%20Council%20Meeting%20Minutes.pdf,07152020 Council Meeting Minutes.pdf,2026-05-28T20:24:58+00:00,auto-discovered; review before adding to bronze
council,1,2020-07-22,2020,https://estero-fl.gov/wp-content/uploads/library-ada/minutes/2020%20Minutes/Council/07222020%20Council%20Meeting%20Minutes.pdf,07222020 Council Meeting Minutes.pdf,2026-05-28T20:24:58+00:00,auto-discovered; review before adding to bronze
council,1,2020-09-09,2020,https://estero-fl.gov/wp-content/uploads/library-ada/minutes/2020%20Minutes/Council/09092020%20Council%20Meeting%20Minutes.pdf,09092020 Council Meeting Minutes.pdf,2026-05-28T20:24:58+00:00,auto-discovered; review before adding to bronze
council,1,2020-09-23,2020,https://estero-fl.gov/wp-content/uploads/library-ada/minutes/2020%20Minutes/Council/09232020%20Council%20Meeting%20Minutes.pdf,09232020 Council Meeting Minutes.pdf,2026-05-28T20:24:58+00:00,auto-discovered; review before adding to bronze
council,1,2020-10-02,2020,https://estero-fl.gov/wp-content/uploads/library-ada/minutes/2020%20Minutes/Council/10022020%20Council%20Meeting%20Minutes.pdf,10022020 Council Meeting Minutes.pdf,2026-05-28T20:24:58+00:00,auto-discovered; review before adding to bronze
council,1,2020-10-07,2020,https://estero-fl.gov/wp-content/uploads/library-ada/minutes/2020%20Minutes/Council/10072020%20Council%20Meeting%20Minutes.pdf,10072020 Council Meeting Minutes.pdf,2026-05-28T20:24:58+00:00,auto-discovered; review before adding to bronze
council,1,2020-10-21,2020,https://estero-fl.gov/wp-content/uploads/library-ada/minutes/2020%20Minutes/Council/10212020%20Council%20Meeting%20Minutes.pdf,10212020 Council Meeting Minutes.pdf,2026-05-28T20:24:58+00:00,auto-discovered; review before adding to bronze
council,1,2020-11-04,2020,https://estero-fl.gov/wp-content/uploads/library-ada/minutes/2020%20Minutes/Council/11042020%20Council%20Meeting%20Minutes.pdf,11042020 Council Meeting Minutes.pdf,2026-05-28T20:24:58+00:00,auto-discovered; review before adding to bronze
council,1,2020-11-18,2020,https://estero-fl.gov/wp-content/uploads/library-ada/minutes/2020%20Minutes/Council/11182020%20Council%20Meeting%20Minutes.pdf,11182020 Council Meeting Minutes.pdf,2026-05-28T20:24:58+00:00,auto-discovered; review before adding to bronze
council,1,2020-12-02,2020,https://estero-fl.gov/wp-content/uploads/library-ada/minutes/2020%20Minutes/Council/12022020%20Council%20Meeting%20Minutes.pdf,12022020 Council Meeting Minutes.pdf,2026-05-28T20:24:58+00:00,auto-discovered; review before adding to bronze
council,1,2020-12-09,2020,https://estero-fl.gov/wp-content/uploads/library-ada/minutes/2020%20Minutes/Council/12092020%20Council%20Meeting%20Minutes.pdf,12092020 Council Meeting Minutes.pdf,2026-05-28T20:24:58+00:00,auto-discovered; review before adding to bronze
council,1,2020-12-30,2020,https://estero-fl.gov/wp-content/uploads/library-ada/minutes/2020%20Minutes/Council/12302020%20Council%20Meeting%20Minutes.pdf,12302020 Council Meeting Minutes.pdf,2026-05-28T20:24:58+00:00,auto-discovered; review before adding to bronze
council,1,2021-01-20,2021,https://estero-fl.gov/wp-content/uploads/library-ada/minutes/2021%20Minutes/COUNCIL/01202021%20minutes.pdf,01202021 minutes.pdf,2026-05-28T20:24:58+00:00,auto-discovered; review before adding to bronze
council,1,2021-03-17,2021,https://estero-fl.gov/wp-content/uploads/library-ada/minutes/2021%20Minutes/COUNCIL/03172021%20minutes.pdf,03172021 minutes.pdf,2026-05-28T20:24:58+00:00,auto-discovered; review before adding to bronze
council,1,2021-04-07,2021,https://estero-fl.gov/wp-content/uploads/library-ada/minutes/2021%20Minutes/COUNCIL/04072021%20minutes.pdf,04072021 minutes.pdf,2026-05-28T20:24:58+00:00,auto-discovered; review before adding to bronze
council,1,2021-05-05,2021,https://estero-fl.gov/wp-content/uploads/library-ada/minutes/2021%20Minutes/COUNCIL/05052021%20minutes.pdf,05052021 minutes.pdf,2026-05-28T20:24:58+00:00,auto-discovered; review before adding to bronze
council,1,2021-06-02,2021,https://estero-fl.gov/wp-content/uploads/library-ada/minutes/2021%20Minutes/COUNCIL/06022021%20minutes.pdf,06022021 minutes.pdf,2026-05-28T20:24:58+00:00,auto-discovered; review before adding to bronze
council,1,2021-07-14,2021,https://estero-fl.gov/wp-content/uploads/library-ada/minutes/2021%20Minutes/COUNCIL/07142021%20Minutes.pdf,07142021 Minutes.pdf,2026-05-28T20:24:58+00:00,auto-discovered; review before adding to bronze
council,1,2021-07-21,2021,https://estero-fl.gov/wp-content/uploads/library-ada/minutes/2021%20Minutes/COUNCIL/07212021%20Minutes.pdf,07212021 Minutes.pdf,2026-05-28T20:24:58+00:00,auto-discovered; review before adding to bronze
council,1,2021-09-09,2021,https://estero-fl.gov/wp-content/uploads/library-ada/minutes/2021%20Minutes/COUNCIL/09092021%20Minutes.pdf,09092021 Minutes.pdf,2026-05-28T20:24:58+00:00,auto-discovered; review before adding to bronze
council,1,2021-09-22,2021,https://estero-fl.gov/wp-content/uploads/library-ada/minutes/2021%20Minutes/COUNCIL/09222021%20minutes.pdf,09222021 minutes.pdf,2026-05-28T20:24:58+00:00,auto-discovered; review before adding to bronze
council,1,2021-10-20,2021,https://estero-fl.gov/wp-content/uploads/library-ada/minutes/2021%20Minutes/COUNCIL/10202021%20minutes.pdf,10202021 minutes.pdf,2026-05-28T20:24:58+00:00,auto-discovered; review before adding to bronze
council,1,2021-10-27,2021,https://estero-fl.gov/wp-content/uploads/library-ada/minutes/2021%20Minutes/COUNCIL/10272021%20minutes.pdf,10272021 minutes.pdf,2026-05-28T20:24:58+00:00,auto-discovered; review before adding to bronze
council,1,2021-11-03,2021,https://estero-fl.gov/wp-content/uploads/library-ada/minutes/2021%20Minutes/COUNCIL/11032021%20minutes.pdf,11032021 minutes.pdf,2026-05-28T20:24:58+00:00,auto-discovered; review before adding to bronze
council,1,2021-11-17,2021,https://estero-fl.gov/wp-content/uploads/library-ada/minutes/2021%20Minutes/COUNCIL/11172021%20minutes.pdf,11172021 minutes.pdf,2026-05-28T20:24:58+00:00,auto-discovered; review before adding to bronze
council,1,2021-12-01,2021,https://estero-fl.gov/wp-content/uploads/library-ada/minutes/2021%20Minutes/COUNCIL/12012021%20minutes.pdf,12012021 minutes.pdf,2026-05-28T20:24:58+00:00,auto-discovered; review before adding to bronze
council,1,2022-01-05,2022,https://estero-fl.gov/wp-content/uploads/library-ada/minutes/2022%20MINUTES/COUNCIL/01052022%20minutes.pdf,01052022 minutes.pdf,2026-05-28T20:24:58+00:00,auto-discovered; review before adding to bronze
council,1,2022-01-19,2022,https://estero-fl.gov/wp-content/uploads/library-ada/minutes/2022%20MINUTES/COUNCIL/01192022%20minutes.pdf,01192022 minutes.pdf,2026-05-28T20:24:58+00:00,auto-discovered; review before adding to bronze
council,1,2022-02-02,2022,https://estero-fl.gov/wp-content/uploads/library-ada/minutes/2022%20MINUTES/COUNCIL/02022022%20minutes.pdf,02022022 minutes.pdf,2026-05-28T20:24:58+00:00,auto-discovered; review before adding to bronze
council,1,2022-03-02,2022,https://estero-fl.gov/wp-content/uploads/library-ada/minutes/2022%20MINUTES/COUNCIL/03022022%20minutes.pdf,03022022 minutes.pdf,2026-05-28T20:24:58+00:00,auto-discovered; review before adding to bronze
council,1,2022-03-16,2022,https://estero-fl.gov/wp-content/uploads/library-ada/minutes/2022%20MINUTES/COUNCIL/03162022%20minutes.pdf,03162022 minutes.pdf,2026-05-28T20:24:58+00:00,auto-discovered; review before adding to bronze
council,1,2022-07-20,2022,https://estero-fl.gov/wp-content/uploads/library-ada/minutes/2022%20MINUTES/COUNCIL/07202022%20minutes.pdf,07202022 minutes.pdf,2026-05-28T20:24:58+00:00,auto-discovered; review before adding to bronze
council,1,2022-09-21,2022,https://estero-fl.gov/wp-content/uploads/library-ada/minutes/2022%20MINUTES/COUNCIL/09212022%20minutes.pdf,09212022 minutes.pdf,2026-05-28T20:24:58+00:00,auto-discovered; review before adding to bronze
council,1,2022-09-27,2022,https://estero-fl.gov/wp-content/uploads/library-ada/minutes/2022%20MINUTES/COUNCIL/09272022%20minutes.pdf,09272022 minutes.pdf,2026-05-28T20:24:58+00:00,auto-discovered; review before adding to bronze
council,1,2022-10-19,2022,https://estero-fl.gov/wp-content/uploads/library-ada/minutes/2022%20MINUTES/COUNCIL/10192022%20minutes.pdf,10192022 minutes.pdf,2026-05-28T20:24:58+00:00,auto-discovered; review before adding to bronze
council,1,2022-11-02,2022,https://estero-fl.gov/wp-content/uploads/library-ada/minutes/2022%20MINUTES/COUNCIL/11022022%20minutes.pdf,11022022 minutes.pdf,2026-05-28T20:24:58+00:00,auto-discovered; review before adding to bronze
council,1,2022-11-09,2022,https://estero-fl.gov/wp-content/uploads/library-ada/minutes/2022%20MINUTES/COUNCIL/11092022%20minutes.pdf,11092022 minutes.pdf,2026-05-28T20:24:58+00:00,auto-discovered; review before adding to bronze
council,1,2022-11-16,2022,https://estero-fl.gov/wp-content/uploads/library-ada/minutes/2022%20MINUTES/COUNCIL/11162022%20minutes.pdf,11162022 minutes.pdf,2026-05-28T20:24:58+00:00,auto-discovered; review before adding to bronze
council,1,2022-12-07,2022,https://estero-fl.gov/wp-content/uploads/library-ada/minutes/2022%20MINUTES/COUNCIL/12072022%20minutes.pdf,12072022 minutes.pdf,2026-05-28T20:24:58+00:00,auto-discovered; review before adding to bronze
council,1,2023-01-04,2023,https://estero-fl.gov/wp-content/uploads/library-ada/minutes/2023%20MINUTES/01042023%20minutes.pdf,01042023 minutes.pdf,2026-05-28T20:24:58+00:00,auto-discovered; review before adding to bronze
council,1,2023-02-01,2023,https://estero-fl.gov/wp-content/uploads/library-ada/minutes/2023%20MINUTES/02012023%20minutes.pdf,02012023 minutes.pdf,2026-05-28T20:24:58+00:00,auto-discovered; review before adding to bronze
council,1,2023-03-01,2023,https://estero-fl.gov/wp-content/uploads/library-ada/minutes/2023%20MINUTES/03012023%20minutes.pdf,03012023 minutes.pdf,2026-05-28T20:24:58+00:00,auto-discovered; review before adding to bronze
council,1,2023-04-05,2023,https://estero-fl.gov/wp-content/uploads/library-ada/minutes/2023%20MINUTES/04052023%20minutes.pdf,04052023 minutes.pdf,2026-05-28T20:24:58+00:00,auto-discovered; review before adding to bronze
council,1,2023-05-17,2023,https://estero-fl.gov/wp-content/uploads/library-ada/minutes/2023%20MINUTES/05172023%20%20minutes.pdf,05172023  minutes.pdf,2026-05-28T20:24:58+00:00,auto-discovered; review before adding to bronze
council,1,2023-08-29,2023,https://estero-fl.gov/wp-content/uploads/library-ada/minutes/2023%20MINUTES/08292023%20minutes.pdf,08292023 minutes.pdf,2026-05-28T20:24:58+00:00,auto-discovered; review before adding to bronze
council,1,2023-09-22,2023,https://estero-fl.gov/wp-content/uploads/library-ada/minutes/2023%20MINUTES/09222023%20minutes.pdf,09222023 minutes.pdf,2026-05-28T20:24:58+00:00,auto-discovered; review before adding to bronze
council,1,2023-10-04,2023,https://estero-fl.gov/wp-content/uploads/library-ada/minutes/2023%20MINUTES/10042023%20minutes.pdf,10042023 minutes.pdf,2026-05-28T20:24:58+00:00,auto-discovered; review before adding to bronze
council,1,2023-10-18,2023,https://estero-fl.gov/wp-content/uploads/library-ada/minutes/2023%20MINUTES/10182023%20minutes.pdf,10182023 minutes.pdf,2026-05-28T20:24:58+00:00,auto-discovered; review before adding to bronze
council,1,2023-11-01,2023,https://estero-fl.gov/wp-content/uploads/library-ada/minutes/2023%20MINUTES/11012023%20minutes.pdf,11012023 minutes.pdf,2026-05-28T20:24:58+00:00,auto-discovered; review before adding to bronze
council,1,2023-11-15,2023,https://estero-fl.gov/wp-content/uploads/library-ada/minutes/2023%20MINUTES/11152023%20minutes.pdf,11152023 minutes.pdf,2026-05-28T20:24:58+00:00,auto-discovered; review before adding to bronze
council,1,2023-12-06,2023,https://estero-fl.gov/wp-content/uploads/library-ada/minutes/2023%20MINUTES/12062023%20minutes.pdf,12062023 minutes.pdf,2026-05-28T20:24:58+00:00,auto-discovered; review before adding to bronze
council,1,2024-02-07,2024,https://estero-fl.gov/wp-content/uploads/library-ada/minutes/2024%20Minutes/02072024%20minutes.pdf,02072024 minutes.pdf,2026-05-28T20:24:58+00:00,auto-discovered; review before adding to bronze
council,1,2024-03-06,2024,https://estero-fl.gov/wp-content/uploads/library-ada/minutes/2024%20Minutes/03062024%20minutes.pdf,03062024 minutes.pdf,2026-05-28T20:24:58+00:00,auto-discovered; review before adding to bronze
council,1,2024-03-13,2024,https://estero-fl.gov/wp-content/uploads/library-ada/minutes/2024%20Minutes/03132024%20minutes.pdf,03132024 minutes.pdf,2026-05-28T20:24:58+00:00,auto-discovered; review before adding to bronze
council,1,2024-07-03,2024,https://estero-fl.gov/wp-content/uploads/library-ada/minutes/2024%20Minutes/07032024%20minutes.pdf,07032024 minutes.pdf,2026-05-28T20:24:58+00:00,auto-discovered; review before adding to bronze
council,1,2024-09-18,2024,https://estero-fl.gov/wp-content/uploads/library-ada/minutes/2024%20Minutes/09182024%20minutes.pdf,09182024 minutes.pdf,2026-05-28T20:24:58+00:00,auto-discovered; review before adding to bronze
council,1,2024-10-02,2024,https://estero-fl.gov/wp-content/uploads/library-ada/minutes/2024%20Minutes/10022024%20minutes.pdf,10022024 minutes.pdf,2026-05-28T20:24:58+00:00,auto-discovered; review before adding to bronze
council,1,2024-10-16,2024,https://estero-fl.gov/wp-content/uploads/library-ada/minutes/2024%20Minutes/10162024%20%20Minutes.pdf,10162024  Minutes.pdf,2026-05-28T20:24:58+00:00,auto-discovered; review before adding to bronze
council,1,2024-11-06,2024,https://estero-fl.gov/wp-content/uploads/library-ada/minutes/2024%20Minutes/11062024%20minutes.pdf,11062024 minutes.pdf,2026-05-28T20:24:58+00:00,auto-discovered; review before adding to bronze
council,1,2024-11-20,2024,https://estero-fl.gov/wp-content/uploads/library-ada/minutes/2024%20Minutes/11202024%20minutes.pdf,11202024 minutes.pdf,2026-05-28T20:24:58+00:00,auto-discovered; review before adding to bronze
council,1,2024-12-04,2024,https://estero-fl.gov/wp-content/uploads/library-ada/minutes/2024%20Minutes/12042024%20minutes.pdf,12042024 minutes.pdf,2026-05-28T20:24:58+00:00,auto-discovered; review before adding to bronze
council,1,2025-01-08,2025,https://estero-fl.gov/wp-content/uploads/library-ada/minutes/2025%20Minutes/Council/01082025%20minutes.pdf,01082025 minutes.pdf,2026-05-28T20:24:58+00:00,auto-discovered; review before adding to bronze
council,1,2025-02-05,2025,https://estero-fl.gov/wp-content/uploads/library-ada/minutes/2025%20Minutes/Council/02052025.pdf,02052025.pdf,2026-05-28T20:24:58+00:00,auto-discovered; review before adding to bronze
council,1,2025-03-19,2025,https://estero-fl.gov/wp-content/uploads/library-ada/minutes/2025%20Minutes/Council/03192025.pdf,03192025.pdf,2026-05-28T20:24:58+00:00,auto-discovered; review before adding to bronze
council,1,2025-04-02,2025,https://estero-fl.gov/wp-content/uploads/library-ada/minutes/2025%20Minutes/Council/04022025.pdf,04022025.pdf,2026-05-28T20:24:58+00:00,auto-discovered; review before adding to bronze
council,1,2025-05-07,2025,https://estero-fl.gov/wp-content/uploads/library-ada/minutes/2025%20Minutes/Council/05072025.pdf,05072025.pdf,2026-05-28T20:24:58+00:00,auto-discovered; review before adding to bronze
council,1,2025-06-04,2025,https://estero-fl.gov/wp-content/uploads/library-ada/minutes/2025%20Minutes/Council/06042025.pdf,06042025.pdf,2026-05-28T20:24:58+00:00,auto-discovered; review before adding to bronze
council,1,2025-09-10,2025,https://estero-fl.gov/wp-content/uploads/library-ada/minutes/2025%20Minutes/Council/09102025.pdf,09102025.pdf,2026-05-28T20:24:58+00:00,auto-discovered; review before adding to bronze
council,1,2025-09-17,2025,https://estero-fl.gov/wp-content/uploads/library-ada/minutes/2025%20Minutes/Council/09172025.pdf,09172025.pdf,2026-05-28T20:24:58+00:00,auto-discovered; review before adding to bronze
council,1,2025-10-01,2025,https://estero-fl.gov/wp-content/uploads/library-ada/minutes/2025%20Minutes/Council/10012025.pdf,10012025.pdf,2026-05-28T20:24:58+00:00,auto-discovered; review before adding to bronze
council,1,2025-10-15,2025,https://estero-fl.gov/wp-content/uploads/library-ada/minutes/2025%20Minutes/Council/10152025.pdf,10152025.pdf,2026-05-28T20:24:58+00:00,auto-discovered; review before adding to bronze
council,1,2025-11-05,2025,https://estero-fl.gov/wp-content/uploads/library-ada/minutes/2025%20Minutes/Council/11052025.pdf,11052025.pdf,2026-05-28T20:24:58+00:00,auto-discovered; review before adding to bronze
council,1,2025-11-19,2025,https://estero-fl.gov/wp-content/uploads/library-ada/minutes/2025%20Minutes/Council/11192025.pdf,11192025.pdf,2026-05-28T20:24:58+00:00,auto-discovered; review before adding to bronze
council,1,2025-12-17,2025,https://estero-fl.gov/wp-content/uploads/library-ada/minutes/2025%20Minutes/Council/12172025.pdf,12172025.pdf,2026-05-28T20:24:58+00:00,auto-discovered; review before adding to bronze
council,1,2026-01-07,2026,https://estero-fl.gov/wp-content/uploads/library-ada/minutes/2026%20Minutes/01072026.pdf,01072026.pdf,2026-05-28T20:24:58+00:00,auto-discovered; review before adding to bronze
council,1,2026-02-04,2026,https://estero-fl.gov/wp-content/uploads/library-ada/minutes/2026%20Minutes/02042026.pdf,02042026.pdf,2026-05-28T20:24:58+00:00,auto-discovered; review before adding to bronze
council,1,2026-02-18,2026,https://estero-fl.gov/wp-content/uploads/library-ada/minutes/2026%20Minutes/02182026.pdf,02182026.pdf,2026-05-28T20:24:58+00:00,auto-discovered; review before adding to bronze
council,1,2026-03-04,2026,https://estero-fl.gov/wp-content/uploads/library-ada/minutes/2026%20Minutes/03042026.pdf,03042026.pdf,2026-05-28T20:24:58+00:00,auto-discovered; review before adding to bronze
council,1,2026-03-18,2026,https://estero-fl.gov/wp-content/uploads/library-ada/minutes/2026%20Minutes/03182026.pdf,03182026.pdf,2026-05-28T20:24:58+00:00,auto-discovered; review before adding to bronze
council,1,2026-04-01,2026,https://estero-fl.gov/wp-content/uploads/library-ada/minutes/2026%20Minutes/04012026.pdf,04012026.pdf,2026-05-28T20:24:58+00:00,auto-discovered; review before adding to bronze
council,1,2026-04-15,2026,https://estero-fl.gov/wp-content/uploads/library-ada/minutes/2026%20Minutes/04152026.pdf,04152026.pdf,2026-05-28T20:24:58+00:00,auto-discovered; review before adding to bronze
council,1,2026-05-06,2026,https://estero-fl.gov/wp-content/uploads/library-ada/minutes/2026%20Minutes/05062026.pdf,05062026.pdf,2026-05-28T20:24:58+00:00,auto-discovered; review before adding to bronze
pzdb,2,2005-02-11,2005,https://estero-fl.gov/wp-content/uploads/library-ada/minutes/2025%20Minutes/02112005%20PZDB%20Minutes.pdf,02112005 PZDB Minutes.pdf,2026-05-28T20:24:58+00:00,auto-discovered; review before adding to bronze
pzdb,2,2005-03-11,2005,https://estero-fl.gov/wp-content/uploads/library-ada/minutes/2025%20Minutes/03112005%20PZDB%20Minutes.pdf,03112005 PZDB Minutes.pdf,2026-05-28T20:24:58+00:00,auto-discovered; review before adding to bronze
pzdb,2,2005-04-08,2005,https://estero-fl.gov/wp-content/uploads/library-ada/minutes/2025%20Minutes/04082005%20PZDB%20Minutes.pdf,04082005 PZDB Minutes.pdf,2026-05-28T20:24:58+00:00,auto-discovered; review before adding to bronze
pzdb,2,2005-05-13,2005,https://estero-fl.gov/wp-content/uploads/library-ada/minutes/2025%20Minutes/05132005%20PZDB%20Minutes.pdf,05132005 PZDB Minutes.pdf,2026-05-28T20:24:58+00:00,auto-discovered; review before adding to bronze
pzdb,2,2005-06-10,2005,https://estero-fl.gov/wp-content/uploads/library-ada/minutes/2025%20Minutes/06102005%20PZDB%20Minutes.pdf,06102005 PZDB Minutes.pdf,2026-05-28T20:24:58+00:00,auto-discovered; review before adding to bronze
pzdb,2,2005-07-08,2005,https://estero-fl.gov/wp-content/uploads/library-ada/minutes/2025%20Minutes/07082005%20%20%20PZDB%20Minutes.pdf,07082005   PZDB Minutes.pdf,2026-05-28T20:24:58+00:00,auto-discovered; review before adding to bronze
pzdb,2,2005-08-12,2005,https://estero-fl.gov/wp-content/uploads/library-ada/minutes/2025%20Minutes/08122005%20%20%20PZDB%20Minutes.pdf,08122005   PZDB Minutes.pdf,2026-05-28T20:24:58+00:00,auto-discovered; review before adding to bronze
pzdb,2,2005-09-09,2005,https://estero-fl.gov/wp-content/uploads/library-ada/minutes/2025%20Minutes/09092005%20%20%20PZDB%20Minutes.pdf,09092005   PZDB Minutes.pdf,2026-05-28T20:24:58+00:00,auto-discovered; review before adding to bronze
pzdb,2,2005-10-14,2005,https://estero-fl.gov/wp-content/uploads/library-ada/minutes/2025%20Minutes/10142005%20%20%20PZDB%20Minutes.pdf,10142005   PZDB Minutes.pdf,2026-05-28T20:24:58+00:00,auto-discovered; review before adding to bronze
pzdb,2,2005-11-18,2005,https://estero-fl.gov/wp-content/uploads/library-ada/minutes/2025%20Minutes/11182005%20%20%20PZDB%20Minutes.pdf,11182005   PZDB Minutes.pdf,2026-05-28T20:24:58+00:00,auto-discovered; review before adding to bronze
